{
	"info": {
		"_postman_id": "ae3635e6-40af-434c-a795-204b3f5a21b0",
		"name": "Retail",
		"schema": "https://schema.getpostman.com/json/collection/v2.1.0/collection.json",
		"_exporter_id": "38711923"
	},
	"item": [
		{
			"name": "Add Product",
			"item": [
				{
					"name": "Get Grade By School Id",
					"request": {
						"method": "GET",
						"header": [],
						"url": {
							"raw": "http://localhost:5001/api/v1/product/getGradeBySchoolId/194",
							"protocol": "http",
							"host": [
								"localhost"
							],
							"port": "5001",
							"path": [
								"api",
								"v1",
								"product",
								"getGradeBySchoolId",
								"194"
							]
						}
					},
					"response": []
				},
				{
					"name": "Get Init Add Product Details",
					"request": {
						"method": "GET",
						"header": [],
						"url": {
							"raw": "http://localhost:5001/api/v1/product/getInitAddProductDetails",
							"protocol": "http",
							"host": [
								"localhost"
							],
							"port": "5001",
							"path": [
								"api",
								"v1",
								"product",
								"getInitAddProductDetails"
							]
						}
					},
					"response": []
				},
				{
					"name": "Add Product",
					"request": {
						"method": "POST",
						"header": [],
						"body": {
							"mode": "formdata",
							"formdata": [
								{
									"key": "schoolid",
									"value": "[5,8]",
									"type": "text"
								},
								{
									"key": "masterid",
									"value": "3",
									"type": "text"
								},
								{
									"key": "name",
									"value": "Holiday",
									"type": "text"
								},
								{
									"key": "gender",
									"value": "2",
									"type": "text"
								},
								{
									"key": "price",
									"value": "56.00",
									"type": "text"
								},
								{
									"key": "gst",
									"value": "5",
									"type": "text"
								},
								{
									"key": "weight",
									"value": "3",
									"type": "text"
								},
								{
									"key": "quantity",
									"value": "2",
									"type": "text"
								},
								{
									"key": "description",
									"value": "Product Description",
									"type": "text"
								},
								{
									"key": "imageseq",
									"value": "[1,2]",
									"type": "text"
								},
								{
									"key": "variants",
									"value": "[{\"size\": 24, \"color\": \"red\", \"price\": 550, \"quantity\": 50, \"imageid\": 3, \"weight\": 50},{\"size\": 30, \"color\": \"green\", \"price\": 1020, \"quantity\": 5}\n]",
									"type": "text"
								},
								{
									"key": "image",
									"type": "file",
									"src": [
										"/D:/my/image/image2.jpg",
										"/D:/my/image/image3.jpg"
									]
								}
							]
						},
						"url": {
							"raw": "http://localhost:5001/api/v1/product/addProduct",
							"protocol": "http",
							"host": [
								"localhost"
							],
							"port": "5001",
							"path": [
								"api",
								"v1",
								"product",
								"addProduct"
							]
						}
					},
					"response": []
				},
				{
					"name": "Delete Product",
					"request": {
						"method": "POST",
						"header": []
					},
					"response": []
				}
			]
		},
		{
			"name": "Dashboard",
			"item": [
				{
					"name": "Dashboard - Get Init View Product Details",
					"protocolProfileBehavior": {
						"disableBodyPruning": true
					},
					"request": {
						"method": "GET",
						"header": [],
						"body": {
							"mode": "urlencoded",
							"urlencoded": []
						},
						"url": {
							"raw": "http://localhost:5001/api/v1/product/getInitViewProductDetails",
							"protocol": "http",
							"host": [
								"localhost"
							],
							"port": "5001",
							"path": [
								"api",
								"v1",
								"product",
								"getInitViewProductDetails"
							]
						}
					},
					"response": []
				},
				{
					"name": "Get View Products",
					"request": {
						"method": "POST",
						"header": [],
						"body": {
							"mode": "urlencoded",
							"urlencoded": []
						},
						"url": {
							"raw": "http://192.168.1.3:5001/api/v1/product/getViewProducts?status=instock&type=pdf&searchterm=&limit=0",
							"protocol": "http",
							"host": [
								"192",
								"168",
								"1",
								"3"
							],
							"port": "5001",
							"path": [
								"api",
								"v1",
								"product",
								"getViewProducts"
							],
							"query": [
								{
									"key": "status",
									"value": "instock"
								},
								{
									"key": "type",
									"value": "pdf"
								},
								{
									"key": "searchterm",
									"value": ""
								},
								{
									"key": "limit",
									"value": "0"
								}
							]
						}
					},
					"response": []
				}
			]
		},
		{
			"name": "Customer Dashboard",
			"item": [
				{
					"name": "Get Init Customer Dashboard",
					"protocolProfileBehavior": {
						"disableBodyPruning": true
					},
					"request": {
						"method": "GET",
						"header": [],
						"body": {
							"mode": "urlencoded",
							"urlencoded": []
						},
						"url": {
							"raw": "http://localhost:5001/api/v1/product/getinitCustomerDashboard/184",
							"protocol": "http",
							"host": [
								"localhost"
							],
							"port": "5001",
							"path": [
								"api",
								"v1",
								"product",
								"getinitCustomerDashboard",
								"184"
							]
						}
					},
					"response": []
				}
			]
		},
		{
			"name": "Image URL",
			"item": [
				{
					"name": "Image URL",
					"request": {
						"method": "GET",
						"header": [],
						"url": {
							"raw": "http://localhost:5001/uploads/product/image/678/1/6dfc509280cc9bf376566c52c29a784b.jpeg",
							"protocol": "http",
							"host": [
								"localhost"
							],
							"port": "5001",
							"path": [
								"uploads",
								"product",
								"image",
								"678",
								"1",
								"6dfc509280cc9bf376566c52c29a784b.jpeg"
							]
						}
					},
					"response": []
				}
			]
		}
	]
}